/* 
 Travail pratique 1
 --> Nom de la première personne
 Nom de la deuxième personne
 
 Date  JJ-MM-AAAA                                             
*/

USE PosteClientDFC;
-- -----------------------------------------------------
-- Étape 2 : Insertion des données                    --
-- -----------------------------------------------------
INSERT INTO poste (id_poste,id_fabricant,desc_poste,desc_processeur,nb_ram_mo,tail_disque_giga)
VALUES (1,1,'Ordinateur de bureau HP 700-329','Intel core i7 4960X','32000',2000),
(2,1,'Ordinateur de bureau HP 700-329','Intel core i7 4960X','32000',2000),
(3,1,'Ordinateur de bureau HP 700-329','Intel core i7 4960X','32000',2000),
(4,1,'Ordinateur de bureau HP 700-329','Intel core i7 4960X','32000',2000),
(5,1,'Ordinateur de bureau HP 700-329','Intel core i7 4960X','32000',2000),
(6,1,'Ordinateur de bureau HP 700-329','Intel core i7 4960X','32000',2000),
(7,1,'Ordinateur de bureau HP 700-329','Intel core i7 4960X','32000',2000),
(8,1,'Ordinateur de bureau HP 700-329','Intel core i7 4960X','32000',2000),
(9,1,'Ordinateur de bureau HP 700-329','Intel core i7 4960X','32000',2000),
(10,1,'Ordinateur de bureau HP 700-329','Intel core i7 4960X','32000',2000),
(100,1,'HP Beats Special Edition 23-n010 All-in-One D','Intel core i5 2400','8000',1000),
(101,1,'HP Beats Special Edition 23-n010 All-in-One D','Intel core i5 2400','8000',1000),
(102,1,'HP Beats Special Edition 23-n010 All-in-One D','Intel core i5 2400','8000',1000),
(103,1,'HP Beats Special Edition 23-n010 All-in-One D','Intel core i5 2400','8000',1000),
(104,1,'HP Beats Special Edition 23-n010 All-in-One D','Intel core i5 2400','8000',1000),
(105,1,'HP Beats Special Edition 23-n010 All-in-One D','Intel core i5 2400','8000',1000),
(106,1,'HP Beats Special Edition 23-n010 All-in-One D','Intel core i5 2400','8000',1000),
(107,1,'HP Beats Special Edition 23-n010 All-in-One D','Intel core i5 2400','8000',1000),
(108,1,'HP Beats Special Edition 23-n010 All-in-One D','Intel core i5 2400','8000',1000),
(109,1,'HP Beats Special Edition 23-n010 All-in-One D','Intel core i5 2400','8000',1000),
(110,1,'HP Beats Special Edition 23-n010 All-in-One D','Intel core i5 2400','8000',1000),
(111,1,'HP Beats Special Edition 23-n010 All-in-One D','Intel core i5 2400','8000',1000),
(112,1,'HP Beats Special Edition 23-n010 All-in-One D','Intel core i5 2400','8000',1000),
(113,1,'HP Beats Special Edition 23-n010 All-in-One D','Intel core i5 2400','8000',1000),
(114,1,'HP Beats Special Edition 23-n010 All-in-One D','Intel core i5 2400','8000',1000),
(115,1,'HP Beats Special Edition 23-n010 All-in-One D','Intel core i5 2400','8000',1000),
(116,1,'HP Beats Special Edition 23-n010 All-in-One D','Intel core i5 2400','8000',1000),
(117,1,'HP Beats Special Edition 23-n010 All-in-One D','Intel core i5 2400','8000',1000),
(118,1,'HP Beats Special Edition 23-n010 All-in-One D','Intel core i5 2400','8000',1000),
(119,1,'HP Beats Special Edition 23-n010 All-in-One D','Intel core i5 2400','8000',1000),
(120,1,'HP Beats Special Edition 23-n010 All-in-One D','Intel core i5 2400','8000',1000),
(121,1,'HP Beats Special Edition 23-n010 All-in-One D','Intel core i5 2400','8000',1000),
(122,1,'HP Beats Special Edition 23-n010 All-in-One D','Intel core i5 2400','8000',1000),
(123,1,'HP Beats Special Edition 23-n010 All-in-One D','Intel core i5 2400','8000',1000),
(124,1,'HP Beats Special Edition 23-n010 All-in-One D','Intel core i5 2400','8000',1000),
(125,1,'HP Beats Special Edition 23-n010 All-in-One D','Intel core i5 2400','8000',1000),
(126,1,'HP Beats Special Edition 23-n010 All-in-One D','Intel core i5 2400','8000',1000),
(127,1,'HP Beats Special Edition 23-n010 All-in-One D','Intel core i5 2400','8000',1000),
(128,1,'HP Beats Special Edition 23-n010 All-in-One D','Intel core i5 2400','8000',1000),
(129,1,'HP Beats Special Edition 23-n010 All-in-One D','Intel core i5 2400','8000',1000),
(130,1,'HP Beats Special Edition 23-n010 All-in-One D','Intel core i5 2400','8000',1000),
(131,1,'HP Beats Special Edition 23-n010 All-in-One D','Intel core i5 2400','8000',1000),
(132,1,'HP Beats Special Edition 23-n010 All-in-One D','Intel core i5 2400','8000',1000),
(133,1,'HP Beats Special Edition 23-n010 All-in-One D','Intel core i5 2400','8000',1000),
(134,1,'HP Beats Special Edition 23-n010 All-in-One D','Intel core i5 2400','8000',1000),
(135,1,'HP Beats Special Edition 23-n010 All-in-One D','Intel core i5 2400','8000',1000),
(136,1,'HP Beats Special Edition 23-n010 All-in-One D','Intel core i5 2400','8000',1000),
(137,1,'HP Beats Special Edition 23-n010 All-in-One D','Intel core i5 2400','8000',1000),
(138,1,'HP Beats Special Edition 23-n010 All-in-One D','Intel core i5 2400','8000',1000),
(139,1,'HP Beats Special Edition 23-n010 All-in-One D','Intel core i5 2400','8000',1000),
(140,1,'HP Beats Special Edition 23-n010 All-in-One D','Intel core i5 2400','8000',1000),
(141,1,'HP Beats Special Edition 23-n010 All-in-One D','Intel core i5 2400','8000',1000),
(142,1,'HP Beats Special Edition 23-n010 All-in-One D','Intel core i5 2400','8000',1000),
(143,1,'HP Beats Special Edition 23-n010 All-in-One D','Intel core i5 2400','8000',1000),
(144,1,'HP Beats Special Edition 23-n010 All-in-One D','Intel core i5 2400','8000',1000),
(145,1,'HP Beats Special Edition 23-n010 All-in-One D','Intel core i5 2400','8000',1000),
(146,1,'HP Beats Special Edition 23-n010 All-in-One D','Intel core i5 2400','8000',1000),
(147,1,'HP Beats Special Edition 23-n010 All-in-One D','Intel core i5 2400','8000',1000),
(148,1,'HP Beats Special Edition 23-n010 All-in-One D','Intel core i5 2400','8000',1000),
(149,1,'HP Beats Special Edition 23-n010 All-in-One D','Intel core i5 2400','8000',1000),
(150,1,'HP Beats Special Edition 23-n010 All-in-One D','Intel core i5 2400','8000',1000),
(151,1,'HP Beats Special Edition 23-n010 All-in-One D','Intel core i5 2400','8000',1000),
(152,1,'HP Beats Special Edition 23-n010 All-in-One D','Intel core i5 2400','8000',1000),
(153,1,'HP Beats Special Edition 23-n010 All-in-One D','Intel core i5 2400','8000',1000),
(154,1,'HP Beats Special Edition 23-n010 All-in-One D','Intel core i5 2400','8000',1000),
(155,1,'HP Beats Special Edition 23-n010 All-in-One D','Intel core i5 2400','8000',1000),
(156,1,'HP Beats Special Edition 23-n010 All-in-One D','Intel core i5 2400','8000',1000),
(157,1,'HP Beats Special Edition 23-n010 All-in-One D','Intel core i5 2400','8000',1000),
(158,1,'HP Beats Special Edition 23-n010 All-in-One D','Intel core i5 2400','8000',1000),
(159,1,'HP Beats Special Edition 23-n010 All-in-One D','Intel core i5 2400','8000',1000),
(160,1,'HP Beats Special Edition 23-n010 All-in-One D','Intel core i5 2400','8000',1000),
(161,1,'HP Beats Special Edition 23-n010 All-in-One D','Intel core i5 2400','8000',1000),
(162,1,'HP Beats Special Edition 23-n010 All-in-One D','Intel core i5 2400','8000',1000),
(163,1,'HP Beats Special Edition 23-n010 All-in-One D','Intel core i5 2400','8000',1000),
(164,1,'HP Beats Special Edition 23-n010 All-in-One D','Intel core i5 2400','8000',1000),
(165,1,'HP Beats Special Edition 23-n010 All-in-One D','Intel core i5 2400','8000',1000),
(166,1,'HP Beats Special Edition 23-n010 All-in-One D','Intel core i5 2400','8000',1000),
(167,1,'HP Beats Special Edition 23-n010 All-in-One D','Intel core i5 2400','8000',1000),
(168,1,'HP Beats Special Edition 23-n010 All-in-One D','Intel core i5 2400','8000',1000),
(169,1,'HP Beats Special Edition 23-n010 All-in-One D','Intel core i5 2400','8000',1000),
(170,1,'HP Beats Special Edition 23-n010 All-in-One D','Intel core i5 2400','8000',1000),
(171,1,'HP Beats Special Edition 23-n010 All-in-One D','Intel core i5 2400','8000',1000),
(172,1,'HP Beats Special Edition 23-n010 All-in-One D','Intel core i5 2400','8000',1000),
(173,3,'Mac Pro  ','Intel Xéon E5  ','12000',1000),(174,3,'Mac Pro  ','Intel Xéon E5  ','12000',1000),
(175,3,'Mac Pro  ','Intel Xéon E5  ','12000',1000),(176,3,'Mac Pro  ','Intel Xéon E5  ','12000',1000),
(177,3,'Mac Pro  ','Intel Xéon E5  ','12000',1000),(178,3,'Mac Pro  ','Intel Xéon E5  ','12000',1000),
(179,3,'Mac Pro  ','Intel Xéon E5  ','12000',1000),(180,3,'Mac Pro  ','Intel Xéon E5  ','12000',1000),
(181,3,'Mac Pro  ','Intel Xéon E5  ','12000',1000),(182,3,'Mac Pro  ','Intel Xéon E5  ','12000',1000),
(183,3,'Mac Pro  ','Intel Xéon E5  ','12000',1000),(184,3,'Mac Pro  ','Intel Xéon E5  ','12000',1000),
(185,3,'Mac Pro  ','Intel Xéon E5  ','12000',1000),(186,3,'Mac Pro  ','Intel Xéon E5  ','12000',1000),
(187,3,'Mac Pro  ','Intel Xéon E5  ','12000',1000),(188,3,'Mac Pro  ','Intel Xéon E5  ','12000',1000),
(189,3,'Mac Pro  ','Intel Xéon E5  ','12000',1000),(190,3,'Mac Pro  ','Intel Xéon E5  ','12000',1000),
(191,3,'Mac Pro  ','Intel Xéon E5  ','12000',1000),(192,3,'Mac Pro  ','Intel Xéon E5  ','12000',1000),
(193,3,'Mac Pro  ','Intel Xéon E5  ','12000',1000),(194,3,'Mac Pro  ','Intel Xéon E5  ','12000',1000),
(195,3,'Mac Pro  ','Intel Xéon E5  ','12000',1000),(196,3,'Mac Pro  ','Intel Xéon E5  ','12000',1000),
(197,3,'Mac Pro  ','Intel Xéon E5  ','12000',1000),(198,3,'Mac Pro  ','Intel Xéon E5  ','12000',1000),
(199,3,'Mac Pro  ','Intel Xéon E5  ','12000',1000);

INSERT INTO local
VALUES (1,'P-409'),(2,'P-418'),
(3,'P-309'),(4,'P-308'),(5,'P-310'),(6,'P-416'),
(7,'P-210'),(8,'P-211'),(9,'P-212'),(10,'P213');

INSERT INTO peripherique (id_peripherique,nom_peripherique,id_poste) 
VALUES (1,'Écran Samsung 19 po.',1),(3,'Écran Samsung 19 po.',2),(4,'Écran Samsung 19 po.',3),(5,'Écran Samsung 19 po.',4),(6,'Écran Samsung 19 po.',5),(7,'Écran Samsung 19 po.',6),(8,'Écran Samsung 19 po.',7),
(9,'Écran Samsung 19 po.',8),(10,'Écran Samsung 19 po.',9),(11,'Écran Samsung 19 po.',100),(12,'Écran Samsung 19 po.',101),(13,'Écran Samsung 19 po.',102),(14,'Écran Samsung 19 po.',103),(15,'Écran Samsung 19 po.',104),
(16,'Écran Samsung 19 po.',105),(17,'Écran Samsung 19 po.',106),(18,'Écran Samsung 19 po.',107),(19,'Écran Samsung 19 po.',108),(20,'Écran Samsung 19 po.',109),(21,'Écran Samsung 19 po.',110),(22,'Écran Samsung 19 po.',111),
(23,'Écran Samsung 19 po.',112),(24,'Écran Samsung 19 po.',113),(25,'Écran Samsung 19 po.',114),(26,'Écran Acer 24 po.',1),(27,'Écran Acer 24 po.',2),(28,'Écran Acer 24 po.',3),(29,'Écran Acer 24 po.',4),
(30,'Écran Acer 24 po.',5),(31,'Écran Acer 24 po.',6),(32,'Écran Acer 24 po.',7),(33,'Écran Acer 24 po.',8),(34,'Écran Acer 24 po.',9),(35,'Écran Acer 24 po.',NULL),(36,'Écran Acer 24 po.',NULL),(37,'Écran Samsung 19 po.',115),
(38,'Écran Samsung 19 po.',116),(39,'Écran Samsung 19 po.',117),(40,'Écran Samsung 19 po.',118),(41,'Écran Samsung 19 po.',119),(42,'Écran Samsung 19 po.',120),(43,'Écran Samsung 19 po.',121),(44,'Écran Samsung 19 po.',125),
(45,'Écran Samsung 19 po.',123),(46,'Écran Samsung 19 po.',124),(47,'Écran Samsung 19 po.',NULL),(48,'Écran Samsung 19 po.',126),(49,'Écran Samsung 19 po.',127),(50,'Écran Samsung 19 po.',128),(51,'Écran Samsung 19 po.',NULL),
(52,'Écran Samsung 19 po.',NULL),(53,'Écran Samsung 19 po.',NULL),(54,'Écran Samsung 19 po.',NULL),(55,'Écran Samsung 19 po.',NULL),(56,'Écran Samsung 19 po.',NULL),(57,'Écran Samsung 19 po.',NULL),
(58,'Écran Samsung 19 po.',NULL),(59,'Écran Samsung 19 po.',NULL),(60,'Écran Samsung 19 po.',NULL),(61,'Écran Samsung 19 po.',NULL),(62,'Écran Samsung 19 po.',NULL),(63,'Écran Samsung 19 po.',NULL),
(64,'Écran Samsung 19 po.',NULL),(65,'Écran Samsung 19 po.',NULL),(66,'Écran Samsung 19 po.',NULL),(67,'Écran Samsung 19 po.',NULL),(68,'Écran Samsung 19 po.',NULL),(69,'Écran Samsung 19 po.',NULL),
(70,'Écran Samsung 19 po.',NULL),(71,'Écran Samsung 19 po.',NULL),(72,'Écran Samsung 19 po.',NULL),(73,'Écran Samsung 19 po.',NULL),(74,'Écran Samsung 19 po.',NULL),(75,'Écran Samsung 19 po.',NULL),
(76,'Écran Samsung 19 po.',NULL),(77,'Écran Samsung 19 po.',NULL),(78,'Écran Samsung 19 po.',NULL),(79,'Écran Samsung 19 po.',NULL),(80,'Écran Samsung 19 po.',NULL),(81,'Écran Samsung 19 po.',NULL),
(82,'Écran Samsung 19 po.',NULL),(83,'Écran Samsung 19 po.',NULL),(84,'Écran Samsung 19 po.',NULL),(85,'Écran Samsung 19 po.',NULL),(86,'Écran Samsung 19 po.',NULL),(87,'Écran Samsung 19 po.',NULL),
(88,'Écran Samsung 19 po.',NULL),(89,'Écran Samsung 19 po.',NULL),(90,'Écran Samsung 19 po.',NULL),(91,'Écran Samsung 19 po.',NULL),(92,'Écran Samsung 19 po.',NULL),(93,'Écran Samsung 19 po.',NULL),
(94,'Écran Samsung 19 po.',NULL),(95,'Écran Samsung 19 po.',NULL),(96,'Écran Samsung 19 po.',NULL),(97,'Écran Samsung 19 po.',NULL),(98,'Écran Samsung 19 po.',NULL),(99,'Écran Samsung 19 po.',NULL),
(100,'Écran Samsung 19 po.',NULL),(101,'Écran Samsung 19 po.',NULL),(102,'Écran Samsung 19 po.',NULL),(103,'Écran Samsung 19 po.',NULL),(104,'Écran Samsung 19 po.',NULL),(105,'Écran Samsung 19 po.',NULL),
(106,'Écran Samsung 19 po.',NULL),(107,'Écran Samsung 19 po.',NULL),(108,'Écran Samsung 19 po.',NULL),(109,'Écran Samsung 19 po.',NULL),(110,'Écran Samsung 19 po.',NULL),(111,'Écran Samsung 19 po.',NULL),
(112,'Écran Samsung 19 po.',NULL),(113,'Écran Samsung 19 po.',NULL),(114,'Écran Samsung 19 po.',NULL),(115,'Écran Samsung 19 po.',NULL),(116,'Écran Samsung 19 po.',NULL),(117,'Écran Samsung 19 po.',NULL),
(118,'Écran Samsung 19 po.',NULL),(119,'Écran Samsung 19 po.',NULL),(120,'Écran Samsung 19 po.',NULL),(121,'Écran Samsung 19 po.',NULL),(122,'Écran Samsung 19 po.',NULL),(123,'Écran Samsung 19 po.',NULL),
(124,'Écran Samsung 19 po.',NULL),(125,'Écran Samsung 19 po.',NULL),(126,'Écran Samsung 19 po.',NULL),(127,'Écran Samsung 19 po.',NULL),(128,'Écran Samsung 19 po.',NULL),(129,'Écran Samsung 19 po.',NULL),
(130,'Écran Samsung 19 po.',NULL),(131,'Écran Samsung 19 po.',NULL),(132,'Écran Samsung 19 po.',NULL),(133,'Écran Samsung 19 po.',NULL),(134,'Écran Samsung 19 po.',NULL),(135,'Écran Samsung 19 po.',NULL),
(136,'Écran Samsung 19 po.',NULL),(137,'Écran Samsung 19 po.',NULL),(138,'Écran Samsung 19 po.',NULL),(139,'Écran Samsung 19 po.',NULL),(140,'Écran Samsung 19 po.',NULL),(141,'Écran Samsung 19 po.',NULL),
(142,'Écran Samsung 19 po.',NULL),(143,'Écran Samsung 19 po.',NULL),(144,'Écran Samsung 19 po.',NULL),(145,'Écran Samsung 19 po.',NULL),(146,'Écran Samsung 19 po.',NULL),(147,'Écran Samsung 19 po.',NULL),
(148,'Écran Samsung 19 po.',NULL),(149,'Écran Samsung 19 po.',NULL),(150,'Écran Samsung 19 po.',NULL),(151,'Écran Samsung 19 po.',NULL),(152,'Écran Samsung 19 po.',NULL),(153,'Écran Samsung 19 po.',NULL),
(154,'Écran Samsung 19 po.',NULL),(155,'Écran Samsung 19 po.',NULL),(156,'Écran Samsung 19 po.',NULL),(157,'Écran Samsung 19 po.',NULL),(158,'Écran Samsung 19 po.',NULL),(159,'Écran Samsung 19 po.',NULL),
(160,'Écran Samsung 19 po.',NULL),(161,'Écran Samsung 19 po.',NULL),(162,'Écran Samsung 19 po.',NULL),(163,'Écran Samsung 19 po.',NULL),(164,'Écran Samsung 19 po.',NULL),(165,'Écran Samsung 19 po.',NULL),
(166,'Écran Samsung 19 po.',NULL),(167,'Écran Samsung 19 po.',NULL),(168,'Écran Samsung 19 po.',NULL),(169,'Écran Samsung 19 po.',NULL),(170,'Écran Samsung 19 po.',NULL),(171,'Écran Samsung 19 po.',NULL),
(172,'Écran Samsung 19 po.',NULL),(173,'Écran Samsung 19 po.',NULL),(174,'Écran Samsung 19 po.',NULL),(175,'Écran Samsung 19 po.',NULL),(176,'Écran Samsung 19 po.',NULL),(177,'Écran Samsung 19 po.',NULL),
(178,'Écran Samsung 19 po.',NULL),(179,'Écran Samsung 19 po.',NULL),(180,'Écran Samsung 19 po.',NULL),(181,'Écran Samsung 19 po.',NULL),(182,'Écran Samsung 19 po.',NULL),(183,'Écran Samsung 19 po.',NULL),
(184,'Écran Samsung 19 po.',NULL),(185,'Écran Samsung 19 po.',NULL),(186,'Écran Samsung 19 po.',NULL),(187,'Écran Samsung 19 po.',NULL),(188,'Écran Samsung 19 po.',NULL),(189,'Écran Samsung 19 po.',NULL),
(190,'Écran Samsung 19 po.',NULL),(191,'Écran Samsung 19 po.',NULL),(192,'Écran Samsung 19 po.',NULL),(193,'Écran Samsung 19 po.',NULL),(194,'Écran Samsung 19 po.',NULL),(195,'Écran Samsung 19 po.',NULL),
(196,'Écran Samsung 19 po.',NULL),(197,'Écran Samsung 19 po.',NULL),(198,'Écran Samsung 19 po.',NULL),(199,'Écran Samsung 19 po.',NULL),(200,'Écran Samsung 19 po.',NULL),(201,'Écran Samsung 19 po.',NULL),
(202,'Écran Samsung 19 po.',NULL),(203,'Écran Samsung 19 po.',NULL),(204,'Écran Samsung 19 po.',NULL),(205,'Écran Samsung 19 po.',NULL),(206,'Écran Samsung 19 po.',NULL),(207,'Écran Samsung 19 po.',NULL),
(208,'Écran Samsung 19 po.',NULL),(209,'Écran Samsung 19 po.',NULL),(210,'Écran Samsung 19 po.',NULL),(211,'Écran Samsung 19 po.',NULL),(212,'Écran Samsung 19 po.',NULL),(213,'Souris',1),(214,'Souris',2),
(215,'Souris',3),(216,'Souris',4),(217,'Souris',5),(218,'Souris',6),(219,'Souris',7),(220,'Souris',8),(221,'Souris',9),(222,'Souris',NULL),(223,'Souris',NULL),(224,'Souris',NULL),(225,'Souris',NULL),(226,'Souris',NULL),
(227,'Souris',NULL),(228,'Souris',NULL),(229,'Souris',NULL),(230,'Souris',NULL),(231,'Souris',NULL),(232,'Souris',NULL),(233,'Souris',NULL),(234,'Souris',NULL),(235,'Souris',NULL),(236,'Souris',NULL),(237,'Souris',NULL),
(238,'Souris',NULL),(239,'Souris',NULL),(240,'Souris',NULL),(241,'Souris',NULL),(242,'Souris',NULL),(243,'Souris',NULL),(244,'Souris',NULL),(245,'Souris',NULL),(246,'Souris',NULL),(247,'Souris',NULL),(248,'Souris',NULL),
(249,'Souris',NULL),(250,'Souris',NULL),(251,'Souris',NULL),(252,'Souris',NULL),(253,'Souris',NULL),(254,'Souris',NULL),(255,'Souris',NULL),(256,'Souris',NULL),(257,'Souris',NULL),(258,'Souris',NULL),(259,'Souris',NULL),
(260,'Souris',NULL),(261,'Souris',NULL),(262,'Souris',NULL),(263,'Souris',NULL),(264,'Souris',NULL),(265,'Souris',NULL),(266,'Souris',NULL),(267,'Souris',NULL),(268,'Souris',NULL),(269,'Souris',NULL),(270,'Souris',NULL),
(271,'Souris',NULL),(272,'Souris',NULL),(273,'Souris',NULL),(274,'Souris',NULL),(275,'Souris',NULL),(276,'Souris',NULL),(277,'Souris',NULL),(278,'Souris',NULL),(279,'Souris',NULL),(280,'Souris',NULL),(281,'Souris',NULL),
(282,'Souris',NULL),(283,'Souris',NULL),(284,'Souris',NULL),(285,'Souris',NULL),(286,'Souris',NULL),(287,'Souris',NULL),(288,'Souris',NULL),(289,'Souris',NULL),(290,'Souris',NULL),(291,'Souris',NULL),(292,'Souris',NULL),
(293,'Souris',NULL),(294,'Souris',NULL),(295,'Souris',NULL),(296,'Souris',NULL),(297,'Souris',NULL),(298,'Souris',NULL),(299,'Souris',NULL),(300,'Souris',NULL),(301,'Souris',NULL),(302,'Souris',NULL),(303,'Souris',NULL),
(304,'Souris',NULL),(305,'Souris',NULL),(306,'Souris',NULL),(307,'Souris',NULL),(308,'Souris',NULL),(309,'Souris',NULL),(310,'Souris',NULL),(311,'Souris',NULL),(312,'Souris',NULL),(313,'Souris',NULL),(314,'Souris',NULL),
(315,'Souris',NULL),(316,'Souris',NULL),(317,'Souris',NULL),(318,'Souris',NULL),(319,'Souris',NULL),(320,'Souris',NULL),(321,'Souris',NULL),(322,'Souris',NULL),(323,'Souris',NULL),(324,'Souris',NULL),(325,'Souris',NULL),
(326,'Souris',NULL),(327,'Souris',NULL),(328,'Souris',NULL),(329,'Souris',NULL),(330,'Souris',NULL),(331,'Souris',NULL),(332,'Souris',NULL),(333,'Souris',NULL),(334,'Souris',NULL),(335,'Souris',NULL),(336,'Souris',NULL),
(337,'Souris',NULL),(338,'Souris',NULL),(339,'Souris',NULL),(340,'Souris',NULL),(341,'Souris',NULL),(342,'Souris',NULL),(343,'Souris',NULL),(344,'Souris',NULL),(345,'Souris',NULL),(346,'Souris',NULL),(347,'Souris',NULL),
(348,'Souris',NULL),(349,'Souris',NULL),(350,'Souris',NULL),(351,'Souris',NULL),(352,'Souris',NULL),(353,'Souris',NULL),(354,'Souris',NULL),(355,'Souris',NULL),(356,'Souris',NULL),(357,'Souris',NULL),(358,'Souris',NULL),
(359,'Souris',NULL),(360,'Souris',NULL),(361,'Souris',NULL),(362,'Souris',NULL),(363,'Souris',NULL),(364,'Souris',NULL),(365,'Souris',NULL),(366,'Souris',NULL),(367,'Souris',NULL),(368,'Souris',NULL),(369,'Souris',NULL),
(370,'Souris',NULL),(371,'Souris',NULL),(372,'Souris',NULL),(373,'Souris',NULL),(374,'Souris',NULL),(375,'Souris',NULL),(376,'Souris',NULL),(377,'Souris',NULL),(378,'Souris',NULL),(379,'Souris',NULL),(380,'Souris',NULL),
(381,'Souris',NULL),(382,'Souris',NULL),(383,'Souris',NULL),(384,'Souris',NULL),(385,'Souris',NULL),(386,'Souris',NULL),(387,'Souris',NULL),(388,'Souris',NULL),(389,'Souris',NULL),(390,'Souris',NULL),(391,'Souris',NULL),
(392,'Souris',NULL),(393,'Souris',NULL),(394,'Souris',NULL),(395,'Souris',NULL),(396,'Souris',NULL),(397,'Souris',NULL),(398,'Souris',NULL),(399,'Souris',NULL),(400,'Souris',NULL),(401,'Souris',NULL),(402,'Souris',NULL),
(403,'Souris',NULL),(404,'Souris',NULL),(405,'Souris',NULL),(406,'Souris',NULL),(407,'Souris',NULL),(408,'Souris',NULL),(409,'Souris',NULL),(410,'Souris',NULL),(411,'Souris',NULL),(412,'Souris',NULL),(413,'Souris',NULL),
(414,'Souris',NULL),(415,'Souris',NULL),(416,'Souris',NULL),(417,'Souris',NULL),(418,'Souris',NULL),(419,'Souris',NULL),(420,'Souris',NULL),(421,'Souris',NULL),(422,'Souris',NULL),(423,'Souris',NULL),(424,'Souris',NULL),
(425,'Souris',NULL),(426,'Souris',NULL),(427,'Souris',NULL),(428,'Souris',NULL),(429,'Souris',NULL),(430,'Souris',NULL),(431,'Souris',NULL),(432,'Souris',NULL),(433,'Souris',NULL),(434,'Souris',NULL),(435,'Souris',NULL),
(436,'Souris',NULL),(437,'Souris',NULL),(438,'Souris',NULL),(439,'Souris',NULL),(440,'Souris',NULL),(441,'Souris',NULL),(442,'Souris',NULL),(443,'Souris',NULL),(444,'Clavier',1),(445,'Clavier',2),(446,'Clavier',3),
(447,'Clavier',4),(448,'Clavier',5),(449,'Clavier',6),(450,'Clavier',7),(451,'Clavier',8),(452,'Clavier',9),(453,'Clavier',NULL),(454,'Clavier',NULL),(455,'Clavier',NULL),(456,'Clavier',NULL),(457,'Clavier',NULL),
(458,'Clavier',NULL),(459,'Clavier',NULL),(460,'Clavier',NULL),(461,'Souris',NULL),(462,'Clavier',NULL),(463,'Clavier',NULL),(464,'Clavier',NULL),(465,'Clavier',NULL),(466,'Clavier',NULL),(467,'Clavier',NULL),
(468,'Clavier',NULL),(469,'Clavier',NULL),(470,'Clavier',NULL),(471,'Clavier',NULL),(472,'Clavier',NULL),(473,'Clavier',NULL),(474,'Clavier',NULL),(475,'Clavier',NULL),(476,'Clavier',NULL),(477,'Clavier',NULL),
(478,'Clavier',NULL),(479,'Clavier',NULL),(480,'Clavier',NULL),(481,'Clavier',NULL),(482,'Clavier',NULL),(483,'Clavier',NULL),(484,'Clavier',NULL),(485,'Clavier',NULL),(486,'Clavier',NULL),(487,'Clavier',NULL),
(488,'Clavier',NULL),(489,'Clavier',NULL),(490,'Clavier',NULL),(491,'Clavier',NULL),(492,'Clavier',NULL),(493,'Clavier',NULL),(494,'Clavier',NULL),(495,'Clavier',NULL),(496,'Clavier',NULL),(497,'Clavier',NULL),
(498,'Clavier',NULL),(499,'Clavier',NULL),(500,'Clavier',NULL),(501,'Clavier',NULL),(502,'Clavier',NULL),(503,'Clavier',NULL),(504,'Clavier',NULL),(505,'Clavier',NULL),(506,'Clavier',NULL),(507,'Clavier',NULL),
(508,'Clavier',NULL),(509,'Clavier',NULL),(510,'Clavier',NULL),(511,'Clavier',NULL),(512,'Clavier',NULL),(513,'Clavier',NULL),(514,'Clavier',NULL),(515,'Clavier',NULL),(516,'Clavier',NULL),(517,'Clavier',NULL),
(518,'Clavier',NULL),(519,'Clavier',NULL),(520,'Clavier',NULL),(521,'Clavier',NULL),(522,'Clavier',NULL),(523,'Clavier',NULL),(524,'Clavier',NULL),(525,'Clavier',NULL),(526,'Clavier',NULL),(527,'Clavier',NULL),
(528,'Clavier',NULL),(529,'Clavier',NULL),(530,'Clavier',NULL),(531,'Clavier',NULL),(532,'Clavier',NULL),(533,'Clavier',NULL),(534,'Clavier',NULL),(535,'Clavier',NULL),(536,'Clavier',NULL),(537,'Clavier',NULL),
(538,'Clavier',NULL),(539,'Clavier',NULL),(540,'Clavier',NULL),(541,'Clavier',NULL),(542,'Clavier',NULL),(543,'Clavier',NULL),(544,'Clavier',NULL),(545,'Clavier',NULL),(546,'Clavier',NULL),(547,'Clavier',NULL),
(548,'Clavier',NULL),(549,'Clavier',NULL),(550,'Clavier',NULL),(551,'Clavier',NULL),(552,'Clavier',NULL),(553,'Clavier',NULL),(554,'Clavier',NULL),(555,'Clavier',NULL),(556,'Clavier',NULL),(557,'Clavier',NULL),
(558,'Clavier',NULL),(559,'Clavier',NULL),(560,'Clavier',NULL),(561,'Clavier',NULL),(562,'Clavier',NULL),(563,'Clavier',NULL),(564,'Clavier',NULL),(565,'Clavier',NULL),(566,'Clavier',NULL),(567,'Clavier',NULL),
(568,'Clavier',NULL),(569,'Clavier',NULL),(570,'Clavier',NULL),(571,'Clavier',NULL),(572,'Clavier',NULL),(573,'Clavier',NULL),(574,'Clavier',NULL),(575,'Clavier',NULL),(576,'Clavier',NULL),(577,'Clavier',NULL),
(578,'Clavier',NULL),(579,'Clavier',NULL),(580,'Clavier',NULL),(581,'Clavier',NULL),(582,'Clavier',NULL),(583,'Clavier',NULL),(584,'Clavier',NULL),(585,'Clavier',NULL),(586,'Clavier',NULL),(587,'Clavier',NULL),
(588,'Clavier',NULL),(589,'Clavier',NULL),(590,'Clavier',NULL),(591,'Clavier',NULL),(592,'Clavier',NULL),(593,'Clavier',NULL),(594,'Clavier',NULL),(595,'Clavier',NULL),(596,'Clavier',NULL),(597,'Clavier',NULL),
(598,'Clavier',NULL),(599,'Clavier',NULL),(600,'Clavier',NULL),(601,'Clavier',NULL),(602,'Clavier',NULL),(603,'Clavier',NULL),(604,'Clavier',NULL),(605,'Clavier',NULL),(606,'Clavier',NULL),(607,'Clavier',NULL),
(608,'Clavier',NULL),(609,'Clavier',NULL),(610,'Clavier',NULL),(611,'Clavier',NULL),(612,'Clavier',NULL),(613,'Clavier',NULL),(614,'Clavier',NULL),(615,'Clavier',NULL),(616,'Clavier',NULL),(617,'Clavier',NULL),
(618,'Clavier',NULL),(619,'Clavier',NULL),(620,'Clavier',NULL),(621,'Clavier',NULL),(622,'Clavier',NULL),(623,'Clavier',NULL),(624,'Clavier',NULL),(625,'Clavier',NULL),(626,'Clavier',NULL),(627,'Clavier',NULL),
(628,'Clavier',NULL),(629,'Clavier',NULL),(630,'Clavier',NULL),(631,'Clavier',NULL),(632,'Clavier',NULL),(633,'Clavier',NULL),(634,'Clavier',NULL),(635,'Clavier',NULL),(636,'Clavier',NULL),(637,'Clavier',NULL),
(638,'Clavier',NULL),(639,'Clavier',NULL),(640,'Clavier',NULL),(641,'Clavier',NULL),(642,'Clavier',NULL),(643,'Clavier',NULL),(644,'Clavier',NULL),(645,'Clavier',NULL),(646,'Clavier',NULL),(647,'Clavier',NULL),
(648,'Clavier',NULL),(649,'Clavier',NULL),(650,'Clavier',NULL),(651,'Clavier',NULL),(652,'Clavier',NULL),(653,'Clavier',NULL),(654,'Clavier',NULL),(655,'Clavier',NULL),(656,'Clavier',NULL),(657,'Clavier',NULL),
(658,'Clavier',NULL),(659,'Clavier',NULL),(660,'Clavier',NULL),(661,'Clavier',NULL),(662,'Clavier',NULL),(663,'Clavier',NULL),(664,'Clavier',NULL),(665,'Clavier',NULL),(666,'Clavier',NULL),(667,'Clavier',NULL),
(668,'Clavier',NULL),(669,'Clavier',NULL),(670,'Clavier',NULL),(671,'Clavier',NULL),(672,'Imprimante NB LaserJet 4014DN.',NULL),(673,'Imprimante NB LaserJet 4014DN.',NULL),(674,'Imprimante NB LaserJet 4014DN.',NULL),
(675,'Imprimante NB LaserJet 4014DN.',NULL),(676,'Imprimante NB HP 4050N',NULL),(677,'Imprimante NB HP 4050N',NULL),(678,'Imprimante NB HP 4050N',NULL),(679,'Imprimante NB HP 4050N',NULL);

INSERT INTO fabricant
VALUES (1,'HP'),(2,'Lenovo'),(3,'Apple'),(4,'Acer'),(5,'Intel'),(10,'Tincidunt Congue Turpis Corporation'),(11,'Purus Consulting'),(12,'Pede Nunc Inc.'),(13,'Vivamus Company'),(14,'Quisque Libero Associates'),
(15,'Magna Nam Limited'),(16,'Mollis Dui Incorporated'),(17,'Aliquam Iaculis Lacus Industries'),(18,'A Enim PC'),(19,'Auctor Quis Tristique Corp.'),(20,'Vitae Odio Sagittis Corporation'),(21,'Ultricies Foundation'),
(22,'Eu Lacus LLP'),(23,'Nam Incorporated'),(24,'Nisl LLP'),(25,'Viverra Maecenas Foundation'),(26,'Molestie Pharetra LLP'),(27,'Euismod Mauris Eu Corp.'),(28,'Id Erat Etiam Foundation'),(29,'Cras Convallis Convallis Company'),
(30,'Duis Cursus Corp.'),(31,'Proin Institute'),(32,'Nulla Cras Eu Incorporated'),(33,'Urna Associates'),(34,'Velit Aliquam PC'),(35,'Malesuada Foundation'),(36,'Vel Convallis In Inc.'),(37,'Phasellus Dapibus Quam Limited'),
(38,'Donec Fringilla Donec Company'),(39,'Vitae Limited'),(40,'Facilisis Incorporated'),(41,'Id Ante Nunc Industries'),(42,'Eu Metus In Inc.'),(43,'Euismod Corporation'),(44,'Erat Nonummy Ultricies Incorporated'),
(45,'Posuere Cubilia Curae; Industries'),(46,'Enim LLP'),(47,'Tincidunt Adipiscing Corp.'),(48,'Mauris Vestibulum Limited'),(49,'Lacinia Sed Congue LLP'),(50,'Pede Sagittis Augue Ltd'),(51,'Erat Company'),(52,'Erat PC'),
(53,'Ut Nulla Cras Incorporated'),(54,'Amet Metus Limited'),(55,'Integer Corporation'),(56,'Nec Inc.'),(57,'Molestie Arcu Sed Corp.'),(58,'Nisi Consulting'),(59,'Mus Aenean Limited'),(60,'Augue Malesuada Malesuada Incorporated'),
(61,'Nec Malesuada Ltd'),(62,'Lacus Nulla Tincidunt Consulting'),(63,'In Condimentum Donec LLP'),(64,'Vel Arcu Eu Company'),(65,'Nunc In At Ltd'),(66,'Elementum Lorem Ut Corp.'),(67,'Natoque Ltd'),(68,'Nec Diam Duis PC'),
(69,'Justo Sit Corp.'),(70,'Ullamcorper Duis At Industries'),(71,'Amet Ornare Industries'),(72,'Eget Ltd'),(73,'Tellus Associates'),(74,'Orci Industries'),(75,'Orci Tincidunt Corp.'),(76,'Mollis PC'),
(77,'Accumsan Sed Incorporated'),(78,'Id Libero LLC'),(79,'Nec Leo Morbi Industries'),(80,'Mauris LLC'),(81,'Sagittis Augue Eu Corporation'),(82,'Erat Neque Non PC'),(83,'Dis Company'),(84,'Arcu Institute'),(85,'Fermentum PC'),
(86,'Non Arcu Limited'),(87,'Nam Industries'),(88,'Sit Amet LLP'),(89,'Integer LLC'),(90,'In Condimentum PC'),(91,'Nisi Ltd'),(92,'Dictum Cursus Nunc Industries'),(93,'Odio Phasellus At LLC'),(94,'Est Congue A Associates'),
(95,'Nec Ante Ltd'),(96,'Donec Nibh PC'),(97,'Quisque Ltd'),(98,'Diam At Pretium Institute'),(99,'Erat Volutpat Company'),(100,'Feugiat Associates'),(101,'Ut Molestie Industries'),(102,'Ornare Elit Elit Limited'),
(103,'Dui Suspendisse Ac Ltd'),(104,'Mollis Integer Tincidunt Incorporated'),(105,'Ac Corporation'),(106,'Fermentum Associates'),(107,'Sit Amet LLC'),(108,'Nulla Magna Company'),(109,'Nunc Ac Sem LLP');

